"","first_names","last_names","income_unit","income","annual_income","expense_unit","expense","annual_expense","annual_pet_expense","gained_pet","lost_pet","happiness","age_respondent","female_respondent","cats_n_dogs","dog_register","case_id"
"1","Kimberly","Chavez","Weekly",2520.8447332808,131083.926130602,"Weekly",482.740752262341,25102.5191176417,15608.2791467166,1,1,2,49,1,1,0,1
"2","Omar","Oakley","Monthly",1778.85606969367,21346.272836324,"Monthly",1685.44225294031,20225.3070352837,7635.68992268841,0,0,17,37,0,1,1,2
"3","Michael","el-Sham","Weekly",305.765598004356,15899.8110962265,"Yearly",4164.52148867244,4164.52148867244,316.520911994573,1,1,9,28,0,0,NA,3
"4","Brett","Vigil","Yearly",16767.3452986424,16767.3452986424,"Weekly",251.594912794538,13082.935465316,2115.05639928063,1,0,7,49,1,1,1,4
"5","Mimi","Turner","Yearly",90591.750274948,90591.750274948,"Yearly",83101.2621519815,83101.2621519815,67697.5299933438,1,0,12,41,0,1,1,5
"6","Ashley","Torres-Pacheco","Yearly",58152.9400330597,58152.9400330597,"Weekly",576.535002262802,29979.8201176657,8697.70786971287,0,0,10,65,1,1,1,6
"7","Rianna","Cordero","Yearly",99111.5491270893,99111.5491270893,"Yearly",65546.8751544331,65546.8751544331,1375.61932142545,1,1,5,49,0,1,0,7
"8","Monyindi","Carrillo","Weekly",1781.82814528953,92655.0635550558,"Monthly",4481.11882977086,53773.4259572504,45374.5459079803,0,0,11,56,1,1,0,8
"9","Diego","Grant","Yearly",32955.4009840873,32955.4009840873,"Yearly",20808.755499126,20808.755499126,14555.0025399315,1,0,11,45,0,1,0,9
"10","Olivia","Kielian","Yearly",13252.5029202903,13252.5029202903,"Weekly",55.2697455862266,2874.02677048378,377.114495648923,1,0,18,99,0,1,1,10
"11","Faisal","Reyad","Yearly",47602.1762147564,47602.1762147564,"Yearly",33911.8548265841,33911.8548265841,12316.1996527293,1,0,12,57,0,1,0,11
"12","Ramza","Wilkerson","Weekly",656.153119991466,34119.9622395562,"Weekly",533.611312072813,27747.7882277863,19979.8942514882,0,0,6,43,0,1,1,12
"13","Fareeda","Avalaz","Weekly",87.1325836531145,4530.89434996196,"Weekly",83.3560070298425,4334.51236555181,39.5046085752002,0,1,6,43,1,1,1,13
"14","Tyler","Jackson","Yearly",15365.6351366731,15365.6351366731,"Weekly",189.577075026776,9858.00790139236,2424.27674937947,0,0,8,55,1,1,0,14
"15","Kaazima","Efe","Weekly",451.278757927911,23466.4954122514,"Weekly",245.674588782579,12775.0786166941,1046.99925178432,1,0,12,43,1,1,1,15
"16","Nabeeha","Thanh","Weekly",712.637240756765,37057.1365193518,"Weekly",150.501128119948,7826.05866223728,6962.41047953587,1,0,15,53,0,1,NA,16
"17","Deirdra","Reynolds","Weekly",821.067196986269,42695.494243286,"Weekly",462.892272541422,24070.3981721539,5862.25144733509,0,0,6,51,0,1,NA,17
"18","Noah","el-Salim","Monthly",4655.15682224422,55861.8818669306,"Monthly",934.020010135322,11208.2401216239,7639.14582752402,0,0,9,50,1,1,1,18
"19","Robert","Ruiz","Weekly",325.244242471598,16912.7006085231,"Weekly",109.790964206422,5709.13013873396,5215.21744516481,0,0,11,30,0,1,1,19
"20","Jaquay","Silas","Weekly",458.038432246191,23817.9984768019,"Weekly",185.44333281385,9643.0533063202,1343.60049272488,1,0,9,36,1,1,1,20
"21","Shawqi","el-Elamin","Yearly",14485.4256491442,14485.4256491442,"Yearly",1421.08146028891,1421.08146028891,87.531866203091,0,0,14,51,0,1,1,21
"22","Lars","al-Abdou","Weekly",911.468788268066,47396.3769899394,"Weekly",724.093166252874,37652.8446451494,29431.0399194431,1,0,16,37,1,1,1,22
"23","Nashat","el-Nazar","Yearly",20348.270208442,20348.270208442,"Monthly",362.19440711008,4346.33288532096,2194.77094657682,1,1,3,46,1,1,1,23
"24","Rohan","Pinch","Weekly",1086.50875706932,56498.4553676049,"Monthly",3076.67883628788,36920.1460354546,16199.5400167371,1,1,5,43,1,1,NA,24
"25","Daniel","Martinez Mendoza","Yearly",77078.9875265686,77078.9875265686,"Monthly",3305.31738207505,39663.8085849006,11155.6540361127,0,0,9,49,1,1,NA,25
"26","Maighdeline","Hernandez","Weekly",1320.66669793917,68674.6682928369,"Monthly",2054.47939948541,24653.7527938249,3696.83887013793,0,0,9,55,0,0,NA,26
"27","Brooke","el-Mahmoud","Yearly",60288.9371229446,60288.9371229446,"Monthly",358.501732566457,4302.02079079748,1009.49587583611,1,0,16,66,0,1,1,27
"28","Kevin","Yellowhawk","Yearly",12719.4978805371,12719.4978805371,"Monthly",835.952969697866,10031.4356363744,6751.02944720661,0,1,8,37,0,1,1,28
"29","Margaret","Cravens","Yearly",8937.40274062376,8937.40274062376,"Monthly",313.078043122025,3756.93651746429,3756.93651746429,1,0,6,38,0,1,0,29
"30","Kyle","el-Sadek","Weekly",761.848590129636,39616.1266867411,"Yearly",22643.3570554508,22643.3570554508,963.282470460161,1,0,11,51,0,1,NA,30
"31","Christopher","Vigil","Yearly",52072.8302793075,52072.8302793075,"Monthly",2559.89501830987,30718.7402197185,16832.4287009088,0,0,12,60,1,1,NA,31
"32","Michael","Valenzuela","Weekly",166.054719873961,8634.84543344595,"Yearly",8348.71688839391,8348.71688839391,6950.90780869277,1,1,8,35,0,1,1,32
"33","Nicholas","Kent","Yearly",77663.5576747813,77663.5576747813,"Yearly",73841.170049775,73841.170049775,53248.801670927,1,0,14,36,1,1,0,33
"34","Chloe","Xue","Weekly",1748.08820728071,90900.5867785968,"Weekly",705.700764623671,36696.4397604309,18157.8946249199,0,0,10,44,1,1,1,34
"35","Mubarak","Bustos-Luevano","Yearly",700.712349512031,700.712349512031,"Monthly",14.7582161604184,177.098593925021,12.4265539999568,0,0,7,42,1,1,0,35
"36","Marcia","Martinez","Weekly",218.330226951362,11353.1718014708,"Yearly",3117.06834225138,3117.06834225138,574.130094711906,1,0,7,51,0,1,0,36
"37","Jessica","al-Abbasi","Weekly",1880.79454299484,97801.3162357317,"Weekly",1344.12786343275,69894.648898503,17326.2309615623,0,0,10,47,1,1,1,37
"38","Lauren","Kulanko","Yearly",15656.6334731467,15656.6334731467,"Weekly",36.0667969547224,1875.47344164557,528.371866575906,0,0,5,35,1,1,0,38
"39","Andy","Romero","Yearly",6382.92197308025,6382.92197308025,"Yearly",5127.57184826657,5127.57184826657,342.432874994352,1,0,7,54,0,1,1,39
"40","Yune","Sotelo Duarte","Weekly",394.800825952432,20529.6429495265,"Yearly",20068.1216947506,20068.1216947506,9566.08682183389,1,NA,15,41,0,0,NA,40
"41","Quinn","al-Shahidi","Monthly",3395.77986880324,40749.3584256389,"Weekly",527.748309569348,27442.9120976061,2678.27446462245,1,NA,17,32,1,1,NA,41
"42","Vy","Mcgowan","Yearly",5534.7767728032,5534.7767728032,"Weekly",71.7909111481586,3733.12737970425,489.680198743189,0,0,9,56,1,1,0,42
"43","Eric","el-Daoud","Weekly",656.365574481438,34131.0098730348,"Weekly",290.95669710771,15129.7482496009,12210.5063054986,1,1,5,42,1,1,1,43
"44","Donovan","Kentris","Monthly",1224.35694557392,14692.2833468871,"Monthly",541.392599616876,6496.71119540251,4047.43636578024,NA,1,5,35,0,1,1,44
"45","Auriel","Luna Torres","Yearly",19818.5790825407,19818.5790825407,"Weekly",309.537090372408,16095.9286993652,4375.40326807305,1,1,5,28,0,1,NA,45
"46","Richard","James","Monthly",1877.49787330153,22529.9744796184,"Monthly",1601.93878027831,19223.2653633397,10773.9271267647,NA,0,12,28,1,1,1,46
"47","Nikko","Lovett","Monthly",3383.69393465152,40604.3272158183,"Yearly",21942.9973631001,21942.9973631001,5566.99371340067,0,0,8,46,1,1,1,47
"48","Veronica","el-Rais","Weekly",227.162617949098,11812.4561333531,"Yearly",3358.05942062413,3358.05942062413,353.229801955323,1,NA,7,53,1,1,0,48
"49","Kia","Leinen","Weekly",50.6083850021625,2631.63602011245,"Yearly",1349.97674732041,1349.97674732041,1100.0397499934,1,1,6,63,0,1,1,49
"50","Shaimaaa","Page","Yearly",54305.5853455417,54305.5853455417,"Weekly",758.559234610869,39445.0801997652,13015.7939114283,1,0,7,40,0,1,NA,50
"51","Faraj","Burciaga","Weekly",346.644811500149,18025.5301980077,"Weekly",39.1336248866782,2034.94849410727,1950.63347628998,0,NA,13,45,1,1,1,51
"52","Emily","King","Weekly",234.731352315791,12206.0303204211,"Weekly",178.324444954065,9272.87113761138,806.803963201879,0,0,8,37,1,0,NA,52
"53","Steven","Tafoya","Weekly",184.809550437461,9610.09662274795,"Monthly",193.424770614162,2321.09724736994,1992.88779237868,1,1,4,31,0,1,1,53
"54","Mathew","Underwood","Weekly",465.238635176927,24192.4090292002,"Weekly",411.80111852036,21413.6581630587,7129.25079569484,0,0,9,39,0,1,0,54
"55","Christian","Coleman","Yearly",75733.1947635653,75733.1947635653,"Yearly",35972.9214536861,35972.9214536861,24541.0584866858,1,0,6,62,1,1,0,55
"56","Husaam","Belvill","Monthly",663.339377598024,7960.07253117629,"Weekly",95.0872821568472,4944.53867215605,29.3331604278048,1,0,9,45,0,1,NA,56
"57","Devin","al-Latif","Yearly",17388.7989313047,17388.7989313047,"Weekly",81.3274983074023,4229.02991198492,1732.62977110467,0,1,9,36,0,1,1,57
"58","Laura","Thomson","Weekly",375.772158336366,19540.152233491,"Yearly",5394.32849313936,5394.32849313936,877.386550760101,NA,0,8,50,0,1,NA,58
"59","Sierra","Arechiga","Weekly",575.194211191234,29910.0989819442,"Yearly",13913.1206514721,13913.1206514721,3639.68107155063,1,0,12,36,1,1,1,59
"60","Ya'qoob","Klimek","Yearly",72800.371230751,72800.371230751,"Weekly",587.397533490392,30544.6717415004,6550.22848201565,0,0,10,46,1,1,0,60
"61","Farhaana","Enriquez","Yearly",4606.34102313287,4606.34102313287,"Monthly",315.405555418789,3784.86666502547,790.310427911135,0,0,5,55,1,1,NA,61
"62","Ryan","el-Rabbani","Weekly",379.749530601861,19746.9755912968,"Monthly",1014.10033610038,12169.2040332045,160.8558015808,0,0,8,47,0,1,1,62
"63","Haala","el-Azad","Weekly",393.891430386644,20482.3543801055,"Monthly",387.073335617505,4644.88002741006,1631.07068714199,1,0,3,43,1,1,0,63
"64","Donovan","Miller","Yearly",71899.4853926441,71899.4853926441,"Yearly",36286.9908637237,36286.9908637237,27583.4281448887,0,0,7,39,1,1,1,64
"65","Dakota","Zoesch","Yearly",182644.123492492,182644.123492492,"Yearly",100082.9385523,100082.9385523,95026.8661801918,0,1,5,99,0,1,1,65
"66","Ashley","al-Abdelrahman","Yearly",32213.075877085,32213.075877085,"Monthly",1866.21991519154,22394.6389822984,2110.69101385134,0,1,6,45,0,1,NA,66
"67","Andrea","Porterfield","Weekly",595.372485114431,30959.3692259504,"Monthly",591.95312862734,7103.43754352808,2472.74215858054,1,0,8,46,1,1,1,67
"68","Hysendra","Calderon","Yearly",28832.0623365523,28832.0623365523,"Monthly",1468.65929770389,17623.9115724467,13145.8480888083,1,0,12,48,0,1,1,68
"69","Anna","Pak","Yearly",140023.228028047,140023.228028047,"Yearly",92972.7377712814,92972.7377712814,73717.706055349,1,0,9,57,1,1,NA,69
"70","Jakarah","Spensieri","Weekly",104.149002754325,5415.74814322492,"Weekly",34.7628272399884,1807.6670164794,840.186171927801,1,0,3,51,0,1,0,70
"71","Naseer","Prophet","Weekly",272.883814554131,14189.9583568148,"Weekly",70.7846924083948,3680.80400523653,503.991004262542,0,0,8,41,0,1,1,71
"72","Michael","Brunson","Weekly",398.499517042124,20721.9748861905,"Weekly",343.848575319513,17880.1259166147,13039.4706664132,0,1,6,48,1,1,NA,72
"73","Daawood","el-Elamin","Weekly",1046.16428631455,54400.5428883564,"Yearly",26477.0001546619,26477.0001546619,12282.7344447296,1,0,22,30,1,1,0,73
"74","Antonio","Rael","Monthly",2667.29943411784,32007.5932094141,"Yearly",15756.7347436761,15756.7347436761,2207.54823246199,1,1,7,47,1,1,1,74
"75","Zachary","Nguyen","Yearly",13747.7302964553,13747.7302964553,"Yearly",6018.63327704552,6018.63327704552,2394.69310591811,1,1,7,56,0,1,0,75
"76","Cheno","Gardner","Weekly",689.090043130066,35832.6822427634,"Yearly",11257.6234151884,11257.6234151884,1667.16435544324,1,0,8,33,1,1,1,76
"77","Arshad","Perea","Weekly",206.205724949435,10722.6976973706,"Weekly",57.3459978249014,2981.99188689487,2732.1605194471,1,0,9,43,0,1,1,77
"78","Tiffine","Savage","Yearly",14487.2539797447,14487.2539797447,"Weekly",239.887366567897,12474.1430615307,9123.78565384955,1,1,5,43,0,1,1,78
"79","Adeeba","Nava","Weekly",1855.43185730145,96482.4565796755,"Yearly",64447.3820493632,64447.3820493632,3819.87354045905,0,0,8,50,1,1,NA,79
"80","Bryana","Smith","Weekly",418.65865597937,21770.2501109272,"Monthly",1400.22184257976,16802.6621109572,4402.00811550349,0,1,9,56,0,1,1,80
"81","Jonathan","Culpepper","Monthly",2174.52160390906,26094.2592469087,"Yearly",2872.05715550997,2872.05715550997,48.116390020989,1,1,7,40,1,0,NA,81
"82","Hissa","Perry","Yearly",34699.8441281295,34699.8441281295,"Monthly",1819.01734074355,21828.2080889225,1116.96447804241,0,0,6,37,0,1,NA,82
"83","Robert","Olguin","Yearly",5129.03482735296,5129.03482735296,"Yearly",967.646965188525,967.646965188525,39.5728858448324,0,0,4,46,0,1,1,83
"84","Prettyboy","Espinosa","Monthly",361.984608231705,4343.81529878046,"Weekly",47.018349514065,2444.95417473138,1925.02353564264,0,0,4,38,1,1,1,84
"85","Marco","el-Jafri","Yearly",12196.4085116001,12196.4085116001,"Monthly",664.408174335241,7972.8980920229,1041.50709664512,1,0,7,46,1,1,1,85
"86","Alexandra","el-Saade","Yearly",35468.2995206698,35468.2995206698,"Weekly",17.2589677662635,897.466323845701,471.45175814416,NA,0,8,34,1,1,0,86
"87","Travion","Lor","Weekly",367.28708995979,19098.9286779091,"Yearly",8354.71727489367,8354.71727489367,7522.59689630332,0,NA,8,43,1,1,0,87
"88","Aaron","Serrano","Yearly",66930.9613791049,66930.9613791049,"Monthly",4991.34515438823,59896.1418526588,4171.76399240375,1,1,3,39,1,1,1,88
"89","Anupama","Bailey","Weekly",985.244521325416,51232.7151089216,"Weekly",358.675319247332,18651.1166008613,3014.30886215507,0,0,6,23,0,1,0,89
"90","Sara","Joe","Weekly",225.712061290348,11737.0271870981,"Yearly",3043.80122118058,3043.80122118058,337.715554728154,0,0,9,39,1,1,NA,90
"91","Luis","Valadez","Yearly",16018.3133382344,16018.3133382344,"Yearly",10328.8810546825,10328.8810546825,3720.39501562957,1,0,10,50,1,1,1,91
"92","Jameel","Begay","Yearly",20090.2562449103,20090.2562449103,"Weekly",263.987860783113,13727.3687607219,9971.88468352796,1,0,11,35,1,1,1,92
"93","Amara","Badsky","Yearly",4599.59526125575,4599.59526125575,"Weekly",56.055077307797,2914.86402000545,2039.04362902506,0,0,5,37,1,1,1,93
"94","Matthew","Anderson","Weekly",349.179238678065,18157.3204112594,"Monthly",409.785794519481,4917.42953423378,2258.53187772869,1,0,15,58,0,1,1,94
"95","Joseph","Haskell","Yearly",21997.4629761812,21997.4629761812,"Monthly",1399.55485081416,16794.6582097699,1501.26749736243,0,0,8,60,1,1,NA,95
"96","Zuhair","Molitor","Yearly",31537.8156142359,31537.8156142359,"Weekly",148.621150476734,7728.29982479017,594.732493973222,1,0,9,46,1,1,NA,96
"97","Thomas","Hubbart Jr","Weekly",1325.70785459219,68936.8084387941,"Weekly",1033.72180599727,53753.5339118582,28321.4407212779,1,0,10,50,1,0,NA,97
"98","Abdul Fattaah","Trujillo","Yearly",25117.1963604618,25117.1963604618,"Monthly",1609.74009999974,19316.8811999969,14243.654590154,0,0,5,40,1,1,1,98
"99","Christian","Siekman","Monthly",629.723923296187,7556.68707955424,"Weekly",20.4799458537517,1064.95718439509,269.515819678557,1,0,13,60,0,1,1,99
"100","Muneef","Rodriguez","Yearly",17951.2228530543,17951.2228530543,"Weekly",231.979995083902,12062.9597443629,7198.17389603539,0,0,9,36,1,0,NA,100
"101","Frederico","Williams","Yearly",31057.7919675748,31057.7919675748,"Weekly",348.865480084724,18141.0049644057,12608.6382402915,1,0,8,43,1,1,NA,101
"102","Ryan","Pineau","Weekly",249.958806519352,12997.8579390063,"Weekly",213.719389540736,11113.4082561182,815.715852724767,1,0,11,42,0,1,1,102
"103","Alexis","Lee","Yearly",15256.1478623953,15256.1478623953,"Weekly",109.696167672358,5704.20071896262,1793.81436846896,1,1,7,48,1,1,1,103
"104","Isaac","Shoeboot","Yearly",12083.850025861,12083.850025861,"Monthly",311.757842033866,3741.09410440639,627.698930715146,1,0,11,62,1,1,1,104
"105","Wajdi","Kierstead","Weekly",363.572467540247,18905.7683120929,"Weekly",144.679929111753,7523.35631381114,677.760563612295,1,0,12,49,0,1,1,105
"106","Courtney","Deck","Yearly",11352.1866411812,11352.1866411812,"Monthly",346.754491789844,4161.05390147813,3107.15330009604,1,0,10,38,1,1,1,106
"107","Eamonn","Castillo","Monthly",5682.8883273308,68194.6599279696,"Yearly",41208.2687708542,41208.2687708542,2932.39014018701,1,0,15,34,0,1,0,107
"108","Alexia","Molock","Yearly",20970.7923254569,20970.7923254569,"Weekly",91.0974423856931,4737.06700405604,2368.27092680347,0,0,13,56,1,1,1,108
"109","Mckylaa","Solano","Yearly",39834.2492170688,39834.2492170688,"Monthly",458.795885295288,5505.55062354346,295.548025805306,0,1,9,57,0,1,NA,109
"110","Christina","Tomlin","Monthly",1131.11527903333,13573.3833483999,"Monthly",612.98628881632,7355.83546579585,5153.19806147006,0,1,10,68,1,1,NA,110
"111","Molly","Samake","Monthly",3918.73366404408,47024.803968529,"Monthly",2686.00669414045,32232.0803296854,31284.8865339737,0,1,7,49,1,1,1,111
"112","Naseema","Davis","Weekly",6562.49121270094,341249.543060449,"Yearly",203908.184372983,203908.184372983,5944.86914540133,1,0,12,44,1,1,1,112
"113","Mahfoodha","el-Sham","Monthly",906.492119951009,10877.9054394121,"Weekly",186.877721223759,9717.64150363548,1874.23065210455,1,0,7,43,0,1,NA,113
"114","Shalynn","Gilbert","Weekly",898.752644639509,46735.1375212545,"Monthly",2559.10282124744,30709.2338549693,2470.85117623763,0,1,6,39,0,1,NA,114
"115","Raeven","Roybal","Weekly",234.803929400601,12209.8043288313,"Weekly",225.980945892295,11751.0091863993,5489.94598312631,1,1,5,52,0,1,1,115
"116","Indigo","Dupree","Weekly",779.684048248817,40543.5705089385,"Monthly",884.956922275067,10619.4830673008,6825.14147492008,1,0,13,36,1,1,NA,116
"117","Christopher","Swenson","Yearly",22057.9095329578,22057.9095329578,"Monthly",426.075391618768,5112.90469942521,1169.80779232937,1,NA,10,43,1,1,NA,117
"118","Kenya","Bieser","Yearly",18045.5860810523,18045.5860810523,"Monthly",744.081229967866,8928.97475961439,2072.98555328204,1,0,8,23,1,1,1,118
"119","Matthew","Olguin","Weekly",1398.16822263781,72704.747577166,"Monthly",5407.15289945634,64885.8347934761,57974.3220129321,0,0,6,35,0,1,0,119
"120","Jalhon","Smith","Weekly",335.192120301034,17429.9902556538,"Monthly",383.95543604491,4607.46523253892,163.056793772129,0,0,7,26,0,1,1,120
"121","Aaron","Nguyen","Yearly",17529.4711039973,17529.4711039973,"Weekly",192.2161763961,9995.24117259719,2154.05489014995,0,0,13,46,1,1,0,121
"122","Blake","Aldaz Holguin","Monthly",589.893415102861,7078.72098123433,"Weekly",109.339515930007,5685.65482836034,4485.51308805138,0,0,6,50,1,1,1,122
"123","Mahbooba","Shin","Yearly",8451.42207325757,8451.42207325757,"Weekly",49.1277293447585,2554.64192592744,1055.7511335708,1,0,15,99,1,1,NA,123
"124","Kyla","Merritt","Weekly",479.906808233932,24955.1540281645,"Weekly",130.543843809477,6788.27987809279,1227.18732930743,1,0,8,46,0,0,NA,124
"125","Jayden","Juarez","Yearly",37238.3756344224,37238.3756344224,"Weekly",649.127282072307,33754.6186677599,4440.87806544595,NA,1,8,38,1,1,1,125
"126","Daleel","Sisneros","Yearly",2368.74115226306,2368.74115226306,"Yearly",2067.2108362598,2067.2108362598,920.308386360256,1,0,12,61,1,1,1,126
"127","Jessalyn","Bowles-Jacks","Yearly",34499.7206414601,34499.7206414601,"Weekly",445.399552389501,23160.7767242541,10546.9206219263,1,NA,11,46,1,1,0,127
"128","Suzy","Krishnan","Yearly",45450.4105608759,45450.4105608759,"Yearly",22696.100435142,22696.100435142,2608.27109282423,0,0,10,58,1,1,NA,128
"129","Chuck","Littlefield","Yearly",69298.6305505787,69298.6305505787,"Yearly",49552.3432322615,49552.3432322615,5573.7915324269,0,1,7,56,1,1,1,129
"130","Uthmaa N","Carey","Weekly",503.415264910156,26177.5937753281,"Yearly",25234.3359153421,25234.3359153421,4148.62279332495,0,1,9,41,0,1,NA,130
"131"," Huda","Hart","Weekly",612.448396441736,31847.3166149703,"Weekly",367.036348338237,19085.8901135883,5186.40637844341,0,0,10,41,1,1,1,131
"132","Aaron","Soraoka","Weekly",437.077861113196,22728.0487778862,"Weekly",313.144421484423,16283.50991719,4868.34009593046,NA,0,3,45,1,0,NA,132
"133","Abdul Waahid","el-Salloum","Yearly",67894.1558847185,67894.1558847185,"Yearly",36736.2585579014,36736.2585579014,33081.223600183,0,0,6,42,0,1,0,133
"134","Lortay","Lucero","Monthly",1180.06022237787,14160.7226685344,"Weekly",123.508992686281,6422.46761968661,1203.91775570001,1,0,11,43,0,1,NA,134
"135","Cole","Lopez","Yearly",55887.9495004262,55887.9495004262,"Yearly",42880.1398904012,42880.1398904012,1074.53796019589,0,0,8,44,1,1,1,135
"136","Christopher","Lara-Ocon","Yearly",6144.82145154651,6144.82145154651,"Yearly",4752.80169612356,4752.80169612356,1328.08765700205,1,0,10,33,1,1,NA,136
"137","Rebekah","Roychowdhury","Weekly",104.569339198831,5437.60563833919,"Monthly",227.185375859121,2726.22451030945,526.929565092762,1,0,12,48,0,1,1,137
"138","Brylon","Harmon","Yearly",3408.7773793797,3408.7773793797,"Monthly",230.895878106478,2770.75053727774,2519.35798188427,1,1,8,44,1,1,NA,138
"139","Skyeler","Julian-Ambrose","Yearly",21456.502131107,21456.502131107,"Weekly",52.0836505422089,2708.34982819486,1653.7374941254,1,0,11,29,0,1,1,139
"140","Raquel","Hoffmann","Weekly",35.813811608799,1862.31820365755,"Weekly",12.9059797902616,671.110949093605,23.9082392601455,0,1,8,43,1,1,0,140
"141","Ezana","el-Abdul","Monthly",887.266088159419,10647.193057913,"Yearly",6064.63763345321,6064.63763345321,1883.6220852469,1,0,9,67,1,1,1,141
"142","Rhiannon","Lor","Monthly",1304.04467838272,15648.5361405926,"Monthly",1263.53037325233,15162.364479028,36.2344403050447,1,1,5,42,1,1,1,142
"143","Brian","Pinch","Yearly",3489.05223997827,3489.05223997827,"Yearly",2434.17315960544,2434.17315960544,588.963626893517,0,0,8,48,1,1,1,143
"144","Brandon","De Werd","Weekly",58.1848228966124,3025.61079062384,"Monthly",125.225681836276,1502.70818203531,139.742101983282,0,0,9,48,1,1,1,144
"145","Mariah","Hermanyhorses","Monthly",1191.52578248501,14298.3093898201,"Yearly",14469.7618428626,14469.7618428626,1271.25940668522,1,1,5,18,1,1,1,145
"146","Abdul Baari","Cupples","Weekly",681.631039730677,35444.8140659952,"Monthly",2149.39259213489,25792.7111056187,6032.01063313721,1,0,11,56,1,0,NA,146
"147","Katie","Trimmer","Yearly",10023.6036056359,10023.6036056359,"Yearly",1027.19593537046,1027.19593537046,316.641444955554,0,0,7,40,1,1,1,147
"148","Qaaida","Waddell","Weekly",411.538200424221,21399.9864220595,"Weekly",302.683162677509,15739.5244592305,5592.40461872963,0,0,3,59,1,1,1,148
"149","Keyshawn","Hoffman","Weekly",215.950362038775,11229.4188260163,"Weekly",134.953201570397,7017.56648166065,951.466971588759,1,NA,8,18,1,1,NA,149
"150","Tayyiba","Bailey","Monthly",775.358458438737,9304.30150126484,"Yearly",4009.01282594121,4009.01282594121,313.866628286201,0,0,9,47,1,1,1,150
"151","Mija","Ross","Yearly",122418.391248212,122418.391248212,"Monthly",6986.11398547868,83833.3678257442,704.270930144274,1,NA,8,47,1,1,NA,151
"152","Kelly","Yang","Yearly",53894.1801086832,53894.1801086832,"Weekly",172.859906481885,8988.71513705802,3727.29447692249,1,0,13,38,0,1,0,152
"153","Tammaam","al-Mansour","Weekly",334.721484731462,17405.517206036,"Yearly",5963.81335045055,5963.81335045055,552.722973031097,0,1,8,39,0,1,NA,153
"154","Michelle","Edmonson","Weekly",440.946177529164,22929.2012315165,"Yearly",9695.50758959842,9695.50758959842,883.197907954257,1,NA,11,35,0,1,1,154
"155","Heather","Bertaud","Weekly",649.758200458248,33787.4264238289,"Yearly",7125.08005451806,7125.08005451806,5153.072367233,1,0,9,60,0,0,NA,155
"156","Andrew","Lopez","Yearly",13284.57722739,13284.57722739,"Weekly",240.786487735696,12520.8973622562,11752.6235068325,1,0,12,62,0,1,NA,156
"157","Kimberly","Nguyen","Weekly",353.379657815432,18375.7422064024,"Monthly",958.792110350169,11505.505324202,3209.66892916614,0,0,11,52,0,1,1,157
"158","Alexis","Anderson","Yearly",5524.8955735394,5524.8955735394,"Yearly",2218.61354803514,2218.61354803514,27.8617796083922,NA,0,11,66,0,1,NA,158
"159","Tatyana","Lang","Yearly",9512.48351180884,9512.48351180884,"Weekly",159.561922336832,8297.21996151528,2656.24148713713,1,1,2,51,0,1,NA,159
"160","Marley","Freeman","Weekly",98.277943941616,5110.45308496403,"Yearly",4190.40815650352,4190.40815650352,4084.69170098666,0,NA,11,26,0,1,1,160
"161","Fidda","al-Tamer","Yearly",37130.2027273508,37130.2027273508,"Monthly",1752.27069179429,21027.2483015314,11208.9345796264,0,0,4,48,1,1,0,161
"162","Zachary","Charles","Yearly",18466.9785038371,18466.9785038371,"Monthly",820.15000188376,9841.80002260512,1253.48832677784,1,NA,7,50,1,1,NA,162
"163","Myles","Tatum","Yearly",72692.0212224782,72692.0212224782,"Yearly",21681.3362400954,21681.3362400954,1375.77752340534,0,0,10,50,1,0,NA,163
"164","Shayne","Oster","Weekly",213.238090501765,11088.3807060918,"Yearly",5770.90550378329,5770.90550378329,2846.25611542843,0,0,9,36,0,1,NA,164
"165","Ryan","el-Darwish","Yearly",50413.1870540162,50413.1870540162,"Weekly",545.643460113121,28373.4599258823,2902.23828979103,0,0,7,44,0,1,NA,165
"166","Meng","Thompson","Weekly",1791.22822818197,93143.8678654625,"Yearly",59596.0806053349,59596.0806053349,39391.9741114205,1,0,8,49,0,1,NA,166
"167","Rafeeq","Bunge","Monthly",835.839323846133,10030.0718861536,"Monthly",401.159937207466,4813.91924648959,3747.67047204425,0,0,8,72,1,1,1,167
"168","Edward","Hustis","Weekly",527.736620501467,27442.3042660763,"Weekly",59.036415383777,3069.89359995641,309.942494811772,1,1,6,37,1,1,0,168
"169","Tyson","Jones","Yearly",11825.7337941927,11825.7337941927,"Monthly",524.753063326237,6297.03675991484,4683.45780412484,1,1,7,22,1,1,1,169
"170","Nathanael","Pham","Weekly",316.390179249174,16452.289320957,"Yearly",7767.90864297846,7767.90864297846,2029.66247566506,1,0,13,42,0,1,1,170
"171","Kelsi","Duncan","Weekly",2361.2691756396,122785.997133259,"Monthly",9327.17215447366,111926.065853684,97683.4347024115,0,0,9,43,0,1,0,171
"172","James","Her","Weekly",285.846274346552,14864.0062660207,"Yearly",10943.9340462275,10943.9340462275,2768.64266971373,1,1,8,38,1,1,NA,172
"173","Azalia","Morgan","Weekly",717.409256525527,37305.2813393274,"Yearly",16093.372572699,16093.372572699,988.555691400035,0,0,13,43,1,1,1,173
"174","Jessie","Mattice","Weekly",130.173319624366,6769.01262046703,"Weekly",37.1436411205784,1931.46933827008,14.6219538534644,0,1,5,32,1,0,NA,174
"175","Mushtaaq","Tran","Monthly",714.391545507027,8572.69854608432,"Weekly",87.2345201030465,4536.19504535842,1825.66781175928,1,0,5,51,1,0,NA,175
"176","Yichen","al-Rabbani","Weekly",153.757879381908,7995.40972785921,"Weekly",151.329999306258,7869.1599639254,1476.46748564595,0,1,8,53,0,1,1,176
"177","Mato Ty","Whiteman","Yearly",8231.37066339154,8231.37066339154,"Yearly",3505.34158232284,3505.34158232284,2350.58098986568,1,0,13,50,1,1,NA,177
"178","Shelbie","Ramos","Weekly",191.717245319771,9969.29675662809,"Monthly",162.478929167882,1949.74715001458,372.695377858364,0,0,10,41,1,1,1,178
"179","Miguel","Jeffery","Yearly",12383.0561156781,12383.0561156781,"Yearly",1731.15759820745,1731.15759820745,305.260329997549,0,0,11,35,1,1,NA,179
"180","Razeena","Irvin","Weekly",771.083217408999,40096.327305268,"Monthly",1461.39916163528,17536.7899396233,2915.65960857212,1,0,6,47,0,1,NA,180
"181","Krystyna","Claypool","Weekly",307.009202187778,15964.4785137645,"Weekly",181.770206036193,9452.05071388202,1997.44216486498,1,0,10,32,0,1,1,181
"182","Bethany","Stalnaker","Weekly",198.950085105847,10345.404425504,"Yearly",1805.70524391594,1805.70524391594,880.645849066594,1,0,6,37,0,1,1,182
"183","Giovanni","Madden","Weekly",767.859326048721,39928.6849545335,"Monthly",2496.33848792453,29956.0618550943,10995.8814580081,1,1,7,42,1,1,NA,183
"184","Brandon","Oliveira","Weekly",82.0639942676113,4267.32770191579,"Yearly",2554.23751314357,2554.23751314357,2084.41359259038,0,0,9,43,0,1,NA,184
"185","Darian","el-Jamail","Weekly",201.373805800572,10471.4379016297,"Yearly",3315.71081794037,3315.71081794037,263.115479976626,0,0,10,30,0,0,NA,185
"186","Dezaree","Lattimer","Yearly",31281.5514272296,31281.5514272296,"Weekly",103.621985819458,5388.3432626118,3779.58065612873,1,0,10,38,0,1,0,186
"187","Kathy","Deveyra","Yearly",4223.32971299755,4223.32971299755,"Monthly",147.577811526141,1770.9337383137,89.8095927836713,1,1,3,43,0,0,NA,187
"188","Tony","Chacon","Weekly",452.514044679334,23530.7303233254,"Monthly",1550.86429997463,18610.3715996955,14529.7821403529,1,0,12,56,0,1,1,188
"189","Samantha","Emley","Monthly",292.321187258181,3507.85424709817,"Weekly",30.9539864395169,1609.60729485488,578.588002981098,1,0,11,46,0,1,NA,189
"190","Isaiah","Chavez","Yearly",8397.38160021651,8397.38160021651,"Yearly",2197.17773638821,2197.17773638821,32.9997148072872,1,0,6,37,0,0,NA,190
"191","Analida","Trujillo","Weekly",1248.35378018064,64914.3965693931,"Monthly",1960.70145682042,23528.4174818451,20909.4550345236,1,1,12,45,0,1,1,191
"192","Emmanuel","Mai","Yearly",13379.471701696,13379.471701696,"Yearly",11369.7635692335,11369.7635692335,1631.24863963712,0,0,13,59,1,1,0,192
"193","Haiden","Ray","Yearly",23660.4979778355,23660.4979778355,"Weekly",179.868972072656,9353.18654777811,1228.56591708442,0,0,7,64,0,1,0,193
"194","Alythia","al-Hakim","Weekly",17.2700419645055,898.042182154286,"Monthly",12.0302651934959,144.36318232195,12.9988338547113,1,NA,10,39,1,0,NA,194
"195","Maya","Ngo","Weekly",1418.74717534982,73774.8531181905,"Yearly",32767.1891651028,32767.1891651028,1049.69774276577,0,1,12,45,0,1,1,195
"196","Alexa","Burrs","Yearly",21843.31351417,21843.31351417,"Monthly",1084.5185428929,13014.2225147148,396.869464574727,1,0,11,48,1,1,1,196
"197","Ashley","Milasincic","Weekly",280.215955944362,14571.2297091068,"Weekly",184.030149331762,9569.56776525162,733.917107937058,0,0,9,46,0,1,NA,197
"198","Kendra","Graham","Monthly",3044.43333761149,36533.2000513378,"Weekly",629.370403081418,32727.2609602337,20359.3403772812,0,1,5,47,1,1,1,198
"199","Chase","Jung","Yearly",6480.57088247834,6480.57088247834,"Yearly",4362.26903080909,4362.26903080909,3614.12444825734,1,1,7,58,1,0,NA,199
"200","Rowtinya","Kim","Weekly",161.182668682638,8381.49877149716,"Weekly",52.1279513870647,2710.65347212737,113.358575760937,0,0,12,44,0,1,NA,200
"201","Arafaat","al-Shahan","Weekly",67.6014501562315,3515.27540812404,"Weekly",18.8617190045693,980.809388237606,701.665498606273,1,0,11,46,1,1,0,201
"202","Jessica","Jones","Yearly",258649.902585413,258649.902585413,"Yearly",149716.84700334,149716.84700334,50230.6248230469,1,0,8,34,0,1,0,202
"203","Abrianna","Bender","Yearly",11491.5182345649,11491.5182345649,"Monthly",438.752899504031,5265.03479404837,147.144418029355,1,0,10,45,0,1,1,203
"204","Tecumseh","Roebuck","Yearly",4766.48865513084,4766.48865513084,"Weekly",22.178235343407,1153.26823785716,73.7501118640907,1,0,7,50,0,1,0,204
"205","Jack","Flannery-Greene","Monthly",670.622760347664,8047.47312417197,"Yearly",3705.35041389841,3705.35041389841,3568.86327717465,0,0,11,51,0,1,1,205
"206","Jeremias","Antoine","Weekly",1820.82438264672,94682.8678976293,"Weekly",1152.66814428453,59938.7435027956,1380.38499544462,1,0,12,32,1,1,1,206
"207","Paul","Gonzales","Yearly",21139.3838189256,21139.3838189256,"Weekly",115.623566676092,6012.42546715678,559.651914011005,0,0,6,66,0,1,1,207
"208","Jasmin","Straight","Weekly",90.6231661007714,4712.40463724011,"Yearly",1977.2832439869,1977.2832439869,89.9378873407917,1,1,10,40,1,1,1,208
"209","Abrielle","Confer","Monthly",6951.93821394403,83423.2585673284,"Yearly",36103.6479925894,36103.6479925894,13936.6113674476,0,0,9,27,1,1,1,209
"210","Meghan","Larocque","Yearly",9397.64540516957,9397.64540516957,"Weekly",34.8528770864653,1812.3496084962,175.075085777252,0,0,10,41,1,1,1,210
"211","Cole","Petersen","Weekly",291.116302678199,15138.0477392663,"Weekly",74.4995711180771,3873.97769814001,106.520013820711,0,0,7,53,1,1,1,211
"212","Duncan","Oquist","Monthly",872.257161480834,10467.08593777,"Weekly",119.978496806084,6238.88183391636,5524.90266695705,0,0,4,40,0,1,1,212
"213","Adrian","Portillo","Weekly",432.687240794487,22499.7365213133,"Weekly",371.426997816094,19314.2038864369,9355.41975750463,1,0,12,62,0,1,0,213
"214","Corielle","Deboer","Yearly",19118.8050515821,19118.8050515821,"Yearly",8296.70690603998,8296.70690603998,1269.78378904666,0,0,7,43,1,1,1,214
"215","Taalib","Mutahi","Weekly",934.339969713069,48585.6784250796,"Yearly",15680.4929146532,15680.4929146532,4655.94311023941,0,0,11,46,1,1,1,215
"216","Zaahir","Wilson","Weekly",135.13764310213,7027.15744131074,"Monthly",182.966337425454,2195.59604910545,641.491471651401,NA,0,12,59,1,1,1,216
"217","Jessica","el-Samaan","Weekly",191.850259222206,9976.21347955472,"Weekly",72.0355097334322,3745.84650613847,1719.09986102816,0,0,7,63,1,1,0,217
"218","Annette","Quick","Yearly",63391.6610340699,63391.6610340699,"Weekly",405.544167977031,21088.2967348056,3572.55610278649,0,0,9,65,0,1,NA,218
"219","Samantha","al-Gaber","Weekly",1142.62043556471,59416.262649365,"Weekly",1033.41461787187,53737.5601293374,20709.8755732467,1,0,7,60,0,1,NA,219
"220","Adrian","Gallegos","Weekly",1052.04028832158,54706.094992722,"Yearly",37945.0459761846,37945.0459761846,11760.7336293861,0,1,8,38,0,1,1,220
"221","Joseph","Xiong","Weekly",836.36383406066,43490.9193711543,"Weekly",762.576658314867,39653.9862323731,28510.1723536593,0,0,4,46,1,1,NA,221
"222","Jazmin","Nguyen","Weekly",389.01380824195,20228.7180285814,"Weekly",166.842356487894,8675.80253737048,3148.89758991535,1,0,10,54,1,1,1,222
"223","Cora","Bryant","Weekly",863.608224356406,44907.6276665331,"Weekly",863.228684128133,44887.8915746629,38463.736834608,1,0,13,62,1,1,1,223
"224","Milena","Kishi","Yearly",26500.4744621803,26500.4744621803,"Weekly",212.03030003887,11025.5756020212,964.700313050545,1,1,6,54,1,1,NA,224
"225","Dominic","Bruce","Weekly",700.820848784078,36442.6841367721,"Weekly",172.043683076358,8946.27151997062,6245.80973510069,1,0,12,40,0,1,NA,225
"226","Crystal","Wilson","Weekly",75.4312580621311,3922.42541923082,"Monthly",212.524699576435,2550.29639491722,1383.45131395066,1,1,3,48,1,1,NA,226
"227","Danika","Kim","Yearly",15412.1049171424,15412.1049171424,"Monthly",487.695429013573,5852.34514816288,2143.70810113034,1,0,10,580,0,1,1,227
"228","Hamza","Reynolds","Weekly",804.161627052277,41816.4046067184,"Weekly",322.447388585016,16767.2642064209,3425.95012530047,1,1,9,32,0,1,NA,228
"229","Emma","Park","Yearly",109446.218492752,109446.218492752,"Weekly",1885.89541579847,98066.5616215205,14998.5060233404,1,1,2,52,1,1,1,229
"230","anupama","Bailey","Weekly",985.244521325416,51232.7151089216,"Weekly",358.675319247332,18651.1166008613,3014.30886215507,0,0,6,23,0,1,0,89
"231","Nathaniel","Tidwell","Yearly",1385.34881882418,1385.34881882418,"Weekly",26.2353351868449,1364.23742971593,180.698524408198,0,0,7,50,0,1,0,231
"232","Collin","Barrios","Weekly",766.673152848786,39867.0039481369,"Monthly",3062.77214931537,36753.2657917844,19619.5858283658,0,0,10,45,0,1,1,232
"233","Trevor","Kim","Yearly",12063.3188948565,12063.3188948565,"Yearly",9169.60757508017,9169.60757508017,3527.36714115663,1,0,7,49,0,1,1,233
"234","Alaina","Apodaca","Yearly",5001.53770642209,5001.53770642209,"Yearly",1504.20385918409,1504.20385918409,100.114211750883,0,0,8,49,1,1,NA,234
"235","Michael","Livaudais","Weekly",860.632204855936,44752.8746525087,"Weekly",172.32211886875,8960.75018117501,5150.73084713413,0,0,9,50,0,1,1,235
"236","Jacob","Sabala","Yearly",8059.18385097355,8059.18385097355,"Weekly",42.2735151287552,2198.22278669527,982.227408020725,0,0,4,46,1,0,NA,236
"237","Husni","Mcilveen","Weekly",667.79572021645,34725.3774512554,"Yearly",11827.7979210645,11827.7979210645,6141.87073213349,1,0,12,39,1,1,1,237
"238","Kaydie","Pusey","Weekly",1558.11017326218,81021.7290096336,"Weekly",639.411866716648,33249.4170692657,12462.9807220321,1,0,10,51,0,1,1,238
"239","Safaaa","Tran","Weekly",650.120820449495,33806.2826633737,"Weekly",226.845072961454,11795.9437939956,6858.65971386024,1,1,10,52,0,1,NA,239
"240","Edwin","Manjarrez","Monthly",5764.5353178292,69174.4238139504,"Monthly",3561.92460965356,42743.0953158428,4818.73111605436,0,0,11,64,1,1,NA,240
"241","Daniel","Fitzsimmons","Monthly",725.570999800854,8706.85199761025,"Yearly",7861.65294116764,7861.65294116764,421.076433782015,1,0,9,38,0,1,NA,241
"242","Tevon","Morris","Weekly",666.813098683699,34674.2811315523,"Yearly",8389.49601635818,8389.49601635818,2843.74136879347,0,0,8,52,1,1,1,242
"243","Julian","Briones","Yearly",247181.358621008,247181.358621008,"Weekly",4708.57983187601,244846.151257552,160825.231811982,1,0,6,40,1,1,1,243
"244","Derrik","Sanchez","Monthly",777.7627003964,9333.1524047568,"Yearly",6065.25753479133,6065.25753479133,3670.91759751756,0,0,10,57,1,1,0,244
"245","Kimiko","Scott","Weekly",50.760468777874,2639.54437644945,"Weekly",13.4494779345032,699.372852594166,237.802710571874,1,0,11,43,0,1,1,245
"246","William","Shaver","Yearly",21605.649037221,21605.649037221,"Monthly",1653.87906250453,19846.5487500543,9861.98421717304,0,0,10,32,0,0,NA,246
"247","Gwendolyn","Evans","Yearly",38731.5602308432,38731.5602308432,"Monthly",2438.92235272811,29267.0682327374,15293.9229246031,1,0,10,38,1,1,0,247
"248","Logan","Marques","Yearly",9854.60746094765,9854.60746094765,"Yearly",2945.11119104015,2945.11119104015,2741.02414478396,1,0,14,41,0,0,NA,248
"249","Tre","Norwood","Yearly",11637.5615788775,11637.5615788775,"Yearly",11419.526221781,11419.526221781,5868.6762057242,0,0,6,43,1,1,NA,249
"250","Jack","Rodriguez","Weekly",3056.44797254401,158935.294572288,"Weekly",2688.34372463968,139793.873681264,112085.437906279,1,0,9,47,1,1,1,250
"251","Christopher","Johnson","Yearly",95545.4105759474,95545.4105759474,"Monthly",5780.68620238297,69368.2344285956,69368.2344285956,0,0,17,84,0,1,0,251
"252","Audrey","Garcia","Weekly",599.549813693741,31176.5903120745,"Weekly",511.120279510723,26578.2545345576,2896.99141306301,1,0,8,42,0,1,NA,252
"253","Lloyd","Massel","Weekly",149.86996859967,7793.23836718285,"Monthly",474.939174597523,5699.27009517027,1503.64976283168,1,1,3,39,0,1,1,253
"254","Santos","Last","Yearly",58751.823345534,58751.823345534,"Weekly",525.603300344988,27331.3716179394,1853.08362599309,1,0,9,48,1,1,1,254
"255","Kayla","Horton","Yearly",4620.24709906241,4620.24709906241,"Monthly",80.2649767387516,963.179720865019,520.260974955206,NA,0,9,29,1,1,1,255
"256","Domeniqua","Amerson","Weekly",2350.26512538686,122213.786520117,"Weekly",800.768594813749,41639.966930315,11749.8391896673,0,0,9,30,1,1,1,256
"257","Matthew","Zelney","Monthly",2682.5237345071,32190.2848140852,"Weekly",309.243095398171,16080.6409607049,15593.8944407072,1,1,6,39,1,1,0,257
"258","Sierra","Shumway","Monthly",2010.93476163142,24131.217139577,"Weekly",399.867493900852,20793.1096828443,3393.55625068531,1,NA,13,34,1,1,0,258
"259","Veronica","Dodds","Weekly",1637.26209007245,85137.6286837672,"Yearly",78617.8890167181,78617.8890167181,23872.3670068388,1,1,4,49,1,1,1,259
"260","Justin","Bean","Yearly",7272.05988532208,7272.05988532208,"Weekly",35.6858773552232,1855.66562247161,877.047054161576,1,0,12,73,1,1,1,260
"261","Sana","Stonewall","Yearly",99697.6777378376,99697.6777378376,"Weekly",745.884689866328,38786.003873049,366.839513815211,0,0,10,44,1,1,1,261
"262","Dandrew","Hendry","Monthly",8015.07009399395,96180.8411279274,"Yearly",74876.7042579646,74876.7042579646,8142.17727186545,0,1,9,49,1,1,1,262
"263","Jose","Campos","Weekly",595.167993637595,30948.7356691549,"Yearly",21916.9452916185,21916.9452916185,11627.7233275535,0,NA,10,33,0,1,1,263
"264","Micahlina","Curtis","Yearly",1864.84573593058,1864.84573593058,"Weekly",18.8621642050605,980.832538663145,375.710673859742,0,0,12,55,0,1,1,264
"265","Alexis","Montano","Monthly",1549.20777216887,18590.4932660264,"Weekly",177.989069111726,9255.43159380975,1330.00722817478,0,0,10,53,0,1,1,265
"266","Kimberly","Vigil","Yearly",23499.1892957371,23499.1892957371,"Monthly",1419.89191109111,17038.7029330933,4698.58291363581,0,0,10,50,1,1,1,266
"267","Harman","Hudson","Weekly",179.889981579423,9354.27904213002,"Yearly",9336.81220007755,9336.81220007755,35.0775053368113,1,0,4,46,1,1,1,267
"268","William","Quint","Yearly",42984.7277023578,42984.7277023578,"Monthly",2183.14273511836,26197.7128214203,10126.7003017483,0,1,8,43,0,0,NA,268
"269","Felicia","Lovisone","Monthly",5043.68542328208,60524.225079385,"Monthly",828.938415272597,9947.26098327117,2504.62105063041,1,1,3,60,1,1,1,269
"270","Lamontee","Gorny","Weekly",124.402164405081,6468.91254906423,"Weekly",20.4885644203809,1065.40534985981,49.1955265534853,1,0,6,41,0,1,1,270
"271","Justin","Smith","Weekly",47.4069497444054,2465.16138670908,"Yearly",467.132153729747,467.132153729747,9.15438654074137,0,1,5,36,0,1,0,271
"272","Morgan","Perlas","Yearly",27825.5925711922,27825.5925711922,"Weekly",419.951906342216,21837.4991297952,1800.76156146508,0,0,3,59,1,1,0,272
"273","Jasmine","Mender","Yearly",49014.5835060507,49014.5835060507,"Yearly",14590.6320411479,14590.6320411479,3329.56339413578,1,0,10,65,0,1,1,273
"274","Tegan","Landrum","Weekly",164.681363056168,8563.43087892076,"Monthly",320.164584191965,3841.97501030357,2855.95412794439,0,1,8,38,0,1,NA,274
"275","Jasmine","Rains","Weekly",402.606474383428,20935.5366679382,"Monthly",805.576207164774,9666.91448597729,23.583485794902,1,0,19,49,1,0,NA,275
"276","Christopher","Goering-Moore","Weekly",473.202467744186,24606.5283226977,"Monthly",650.681792956081,7808.18151547298,4418.60302011153,1,0,8,32,1,1,1,276
"277","Logan","Lively","Yearly",24866.716998309,24866.716998309,"Weekly",123.37861897273,6415.68818658197,482.168476249313,1,1,5,33,1,0,NA,277
"278","Travion","al-Shams","Yearly",77008.8356779174,77008.8356779174,"Yearly",5240.97167269633,5240.97167269633,760.53575099518,1,0,10,57,1,1,0,278
"279","Chasidy","Wedgeworth","Monthly",4727.64477753282,56731.7373303939,"Yearly",27819.3459648938,27819.3459648938,1511.81432005303,1,1,4,51,1,1,1,279
"280","Carlos","al-Shehata","Yearly",20776.3900537436,20776.3900537436,"Yearly",4062.51368909365,4062.51368909365,2874.40248483671,0,0,3,46,1,1,0,280
"281","Diajanique","Mayfield","Yearly",40128.6497740339,40128.6497740339,"Yearly",36411.0051170923,36411.0051170923,26808.3417852383,1,0,8,59,1,1,NA,281
"282","Emily","Flores","Yearly",15235.0085726765,15235.0085726765,"Yearly",898.453342139395,898.453342139395,72.9721474550889,1,0,7,48,1,1,NA,282
"283","Kaila","Tolbert","Weekly",422.934267165796,21992.5818926214,"Weekly",131.86897745081,6857.18682744211,749.197781488765,0,0,9,51,1,1,1,283
"284","Malcolm","Morey","Yearly",18610.604940527,18610.604940527,"Yearly",12357.234354485,12357.234354485,557.574326039252,NA,0,4,44,1,1,NA,284
"285","Muhammad","Segura","Weekly",108.395506755606,5636.56635129149,"Monthly",299.896028329561,3598.75233995474,98.6426921379715,1,1,5,48,1,1,0,285
"286","Adau","Pluto","Monthly",2692.444830858,32309.337970296,"Yearly",11990.6286096187,11990.6286096187,3032.46935981193,0,1,3,56,0,1,NA,286
"287","Julia","Herbst","Weekly",3809.5245437102,198095.27627293,"Weekly",739.887966827165,38474.1742750126,14767.5178784665,0,0,7,43,1,1,NA,287
"288","Velma","Romero","Weekly",698.689282686482,36331.8426996971,"Weekly",92.6101876491851,4815.72975775762,1134.92242325751,0,1,3,42,1,1,0,288
"289","Tiffany","Teawdatwan","Weekly",1526.56790033609,79381.5308174769,"Yearly",66211.4763526535,66211.4763526535,19566.5867315885,1,0,13,49,1,1,1,289
"290","Mun","el-Nouri","Yearly",21540.4219168309,21540.4219168309,"Yearly",8101.35487577398,8101.35487577398,6811.11414345224,1,0,5,50,0,1,NA,290
"291","Alexander","el-Hashim","Weekly",456.089265009242,23716.6417804806,"Yearly",14977.1425129962,14977.1425129962,3437.33391357335,0,0,6,65,0,1,1,291
"292","Donovon","Montgomery","Weekly",100.686435382927,5235.6946399122,"Monthly",148.016344569134,1776.19613482961,885.105467805193,0,1,7,44,0,1,1,292
"293","Asha","Montoya","Weekly",172.200814740396,8954.44236650061,"Monthly",404.901171912894,4858.81406295473,94.8709962563648,1,1,3,39,1,1,NA,293
"294","Asien","al-Usman","Yearly",30362.1675340441,30362.1675340441,"Monthly",1204.45135608814,14453.4162730577,11593.0170599282,1,0,6,99,1,1,NA,294
"295","Armand","Davis","Monthly",2613.86367670423,31366.3641204507,"Yearly",15493.8972853594,15493.8972853594,3860.77484445195,1,0,10,26,0,1,1,295
"296","Hanna","al-Diab","Yearly",23170.4053347101,23170.4053347101,"Weekly",119.79321689252,6229.24727841106,3689.45916814829,1,0,11,57,1,1,NA,296
"297","Ghaalib","al-Youssef","Monthly",1348.5099699865,16182.119639838,"Yearly",8107.15302729339,8107.15302729339,339.233042084021,0,0,7,37,0,1,NA,297
"298","Darren","Zubia","Yearly",43419.9814574749,43419.9814574749,"Weekly",248.168861863415,12904.7808168976,5899.27099523723,0,0,7,67,1,1,0,298
"299","Jeffrey","Flynt","Weekly",532.791652285552,27705.1659188487,"Yearly",17974.2578201144,17974.2578201144,1998.57410728913,0,0,10,32,0,1,0,299
"300","Enkhtsetseg","Karney","Weekly",743.296106743618,38651.3975506681,"Yearly",9039.62269079461,9039.62269079461,4315.09822969552,0,1,3,47,1,1,1,300
"301","Mahmood","el-Hassen","Yearly",30913.3473992011,30913.3473992011,"Monthly",588.440450890738,7061.28541068886,527.289064981718,1,0,9,49,1,1,1,301
"302","Alexis","Felix","Weekly",95.6419805958596,4973.3829909847,"Yearly",2449.6981971581,2449.6981971581,252.637107849102,1,0,12,58,0,1,NA,302
"303","Tia","Gonzales","Yearly",5535.76807905845,5535.76807905845,"Yearly",1220.04365491871,1220.04365491871,231.896263514598,1,0,7,50,0,1,NA,303
"304","Emily","Barnett","Weekly",32.579208515084,1694.11884278437,"Yearly",1217.09210109321,1217.09210109321,426.109987782537,0,0,9,37,1,1,NA,304
"305","Dalayah","Lee","Weekly",99.5634219061381,5177.29793911918,"Yearly",2817.19154632001,2817.19154632001,349.178507267648,1,0,12,53,0,1,NA,305
"306","Zahra","Sherlock","Yearly",60128.1512375353,60128.1512375353,"Monthly",1007.35542970583,12088.2651564699,355.774782752446,1,0,13,29,1,1,NA,306
"307","Jessica","Douglas","Weekly",225.009404492655,11700.4890336181,"Yearly",1443.59943136236,1443.59943136236,14.2558617507743,NA,0,10,51,1,1,NA,307
"308","Shanea","Hagos","Weekly",105.081710739622,5464.24895846033,"Yearly",1551.25863429358,1551.25863429358,134.611263416461,0,0,9,42,1,1,1,308
"309","Yuying","James","Weekly",1523.65975044126,79230.3070229456,"Yearly",29841.1239099447,29841.1239099447,27480.4822163507,1,0,3,41,0,1,NA,309
"310","Nia","Kim","Weekly",1755.96482956411,91310.1711373339,"Weekly",1700.8543452175,88444.4259513099,3620.88707651795,0,0,10,50,1,0,NA,310
"311","David","Beightel","Yearly",20465.7682507395,20465.7682507395,"Yearly",3925.60320851715,3925.60320851715,150.059125973664,1,0,10,27,0,1,NA,311
"312","Maricela","al-Abu","Yearly",19510.1015477857,19510.1015477857,"Weekly",28.6648252377908,1490.57091236512,1234.24940305259,NA,1,11,49,0,1,1,312
"313","Ayodeji","al-Alam","Yearly",5820.07648299743,5820.07648299743,"Weekly",46.3350705306229,2409.42366759239,633.520979534794,0,0,5,49,0,1,1,313
"314","Michele","Wise","Weekly",207.999965755459,10815.9982192839,"Weekly",126.631236858997,6584.82431666784,1425.57372442632,0,1,6,40,1,1,0,314
"315","Thamra","James","Weekly",798.363606918811,41514.9075597782,"Weekly",238.142668515203,12383.4187627905,301.568940302428,0,0,9,54,0,1,NA,315
"316","Javier","Gomes","Weekly",168.367541386256,8755.11215208533,"Monthly",514.521385634906,6174.25662761887,2336.6541896977,0,NA,12,36,1,0,NA,316
"317","Zakariyya","Huang","Yearly",44910.7769596993,44910.7769596993,"Yearly",18907.0537287082,18907.0537287082,3605.30061153661,0,0,8,37,1,1,1,317
"318","Mackenzie","Lucero","Yearly",21686.4110899433,21686.4110899433,"Weekly",358.244997507363,18628.7398703829,9599.92401927875,1,0,14,51,0,1,NA,318
"319","Christian","Mccann","Yearly",35562.259818121,35562.259818121,"Yearly",15659.4554632751,15659.4554632751,6554.2245397128,1,0,7,41,0,1,1,319
"320","Tiyanna","Yang","Weekly",569.027707556632,29589.4407929448,"Weekly",167.725156610841,8721.70814376371,3380.64420575675,0,1,3,34,0,1,1,320
"321","Nathaniel","Takele","Yearly",26893.7046095648,26893.7046095648,"Yearly",20854.6227935832,20854.6227935832,563.970259902662,1,0,6,42,0,1,1,321
"322","Nariah","Rogers","Weekly",143.617539424181,7468.11205005743,"Monthly",399.164413651376,4789.97296381651,655.318679062581,NA,0,5,38,0,1,1,322
"323","Mahfooz","Cardinal","Yearly",20105.23695894,20105.23695894,"Weekly",103.386681573471,5376.10744182048,4550.91072645317,1,0,12,37,0,1,1,323
"324","Amber","Confer","Weekly",1865.17974249759,96989.3466098745,"Yearly",86588.4294441588,86588.4294441588,6128.83351157422,0,0,7,44,0,0,NA,324
"325","Haakima","La","Weekly",158.890540862956,8262.30812487371,"Monthly",504.668494896564,6056.02193875876,615.753273461011,0,0,8,25,1,1,NA,325
"326","Breanna","Ortega","Weekly",937.648035236222,48757.6978322835,"Yearly",43632.2904640885,43632.2904640885,25152.0008721131,1,0,9,60,0,1,1,326
"327","Christopher","el-Guler","Weekly",77.8032214183586,4045.76751375465,"Yearly",2543.95394550498,2543.95394550498,2384.13910727786,1,1,5,25,0,1,NA,327
"328","Long","Smiley","Weekly",762.731181406385,39662.021433132,"Monthly",502.604707635424,6031.25649162508,4738.21870792662,1,NA,6,61,1,0,NA,328
"329","Jacob","Caballero","Weekly",2156.57475616894,112141.887320785,"Weekly",841.197864738761,43742.2889664156,7074.35875086292,NA,1,9,39,0,1,NA,329
"330","Davin","Sumpter","Weekly",680.692058728879,35395.9870539017,"Weekly",632.702757740023,32900.5434024812,18175.7779833674,1,1,6,48,1,1,1,330
"331","Olivia","Flores","Weekly",218.586506419678,11366.4983338233,"Monthly",748.099200215302,8977.19040258362,3760.60292932155,0,0,6,49,1,1,NA,331
"332","Damon","Campos","Weekly",496.294538918129,25807.3160237427,"Weekly",377.605459700264,19635.4839044137,5545.24816975758,0,0,9,40,1,1,1,332
"333","Grant","Tran-Hoang","Monthly",243.94264014188,2927.31168170256,"Yearly",1650.93370352249,1650.93370352249,481.268375088292,0,1,7,44,0,1,1,333
"334","Khylin","Deponte","Weekly",327.904853939177,17051.0524048372,"Weekly",83.2581398156001,4329.42327041121,872.711617747661,1,0,8,29,0,1,0,334
"335","Manuel","Bemis","Yearly",11270.4586606113,11270.4586606113,"Yearly",2867.91020298763,2867.91020298763,85.3301321035131,0,0,8,52,1,1,1,335
"336","Shane","Clayton","Yearly",41903.6199173697,41903.6199173697,"Monthly",507.860435189331,6094.32522227197,762.79425372519,0,0,6,54,0,1,NA,336
"337","Wyatt","Ward","Yearly",134037.211988251,134037.211988251,"Yearly",128582.205874661,128582.205874661,81072.7329890789,0,0,10,46,1,1,0,337
"338","Christopher","Wong","Yearly",80738.0383276539,80738.0383276539,"Yearly",49157.0040528036,49157.0040528036,16064.9216234943,1,0,8,50,0,0,NA,338
"339","Munisa","Hammond","Weekly",510.86561843699,26565.0121587235,"Yearly",17287.3736620335,17287.3736620335,404.832666992207,0,0,9,33,1,1,1,339
"340","Vincent","Mckinley","Yearly",12793.7373329344,12793.7373329344,"Yearly",3670.69365040318,3670.69365040318,247.541443998617,1,0,7,32,1,1,NA,340
"341","Haani","Hehemann","Weekly",334.341966216137,17385.7822432391,"Yearly",4330.10551855581,4330.10551855581,1017.24577764815,0,1,11,55,1,1,NA,341
"342","Sri","Anderson","Monthly",207.886057746455,2494.63269295746,"Weekly",23.5597499566932,1225.10699774804,360.422504692852,1,0,7,47,0,1,1,342
"343","Ahmed","al-Zafar","Monthly",538.99912636698,6467.98951640376,"Weekly",125.137303049203,6507.13975855854,20.3816221563358,1,0,9,66,1,0,NA,343
"344","Diego","Nguyen","Yearly",7974.31846422258,7974.31846422258,"Yearly",3758.64385979792,3758.64385979792,996.779240480704,1,0,11,41,1,1,NA,344
"345","Nuzha","Allen-Polniak","Weekly",878.452141578424,45679.511362078,"Weekly",470.649704765194,24473.7846477901,5142.23705369348,1,1,8,40,1,1,1,345
"346","Lucila","Huff","Monthly",2244.29061457996,26931.4873749595,"Monthly",1880.75866379746,22569.1039655695,569.900498545155,1,0,6,24,0,1,NA,346
"347","Adam","Conrad","Weekly",171.53791397603,8919.97152675356,"Monthly",659.049374678436,7908.59249614124,110.844718100092,1,NA,11,60,1,1,NA,347
"348","Kevron","Elias","Yearly",59636.5558046591,59636.5558046591,"Weekly",339.472595858109,17652.5749846217,15071.1353126585,1,0,11,33,0,1,0,348
"349","Julianna","Tufford","Weekly",266.535040905724,13859.8221270977,"Monthly",411.238538182167,4934.862458186,1499.91609304829,NA,1,7,50,1,1,0,349
"350","Victor","Wagner","Yearly",9634.1923258889,9634.1923258889,"Yearly",4747.2354669889,4747.2354669889,111.780669016611,1,1,7,32,1,0,NA,350
"351","Wyatt","Bradley","Yearly",8941.79021496318,8941.79021496318,"Monthly",369.003172782011,4428.03807338414,769.524532659333,1,0,11,30,1,1,NA,351
"352","Ashanafe","Crawford","Weekly",148.033392491324,7697.73640954884,"Monthly",439.144240886508,5269.73089063809,756.906627076966,0,1,8,55,1,1,1,352
"353","Matthew","Rice","Weekly",44.0282880814449,2289.47098023513,"Yearly",310.077937461683,310.077937461683,227.310725741957,1,0,13,43,0,0,NA,353
"354","Patrick","Flynn","Yearly",11681.8615787305,11681.8615787305,"Weekly",137.020976525218,7125.09077931134,743.09059998571,1,0,15,35,0,1,1,354
"355","Sonia","Robinson III","Yearly",47705.9806794316,47705.9806794316,"Monthly",2848.28061864494,34179.3674237393,313.296071443065,0,0,5,34,1,1,1,355
"356","Parker","el-Mohammad","Yearly",5002.5122867519,5002.5122867519,"Yearly",2066.23366801776,2066.23366801776,1.76465761589729,1,0,10,37,0,1,NA,356
"357","Melissa","Zarate","Yearly",10245.6115641964,10245.6115641964,"Yearly",7119.58527672504,7119.58527672504,179.496446268096,1,1,9,30,0,1,1,357
"358","Amanda","Petrik","Yearly",29104.0806467507,29104.0806467507,"Monthly",1330.72969545952,15968.7563455142,3119.52649071244,0,0,10,55,1,0,NA,358
"359","Ramona","Billie","Monthly",1425.2328465521,17102.7941586252,"Weekly",162.541939414976,8452.18084957876,520.679160037916,0,0,11,33,1,1,NA,359
"360","Shelbe","Talucci","Monthly",456.673843543623,5480.08612252348,"Monthly",56.0701383167279,672.841659800735,359.839067304162,0,0,6,32,1,1,1,360
"361","Evan","Lee","Yearly",20965.6887167281,20965.6887167281,"Weekly",303.30465526125,15771.842073585,3331.3646442897,1,0,11,43,0,1,0,361
"362","Talon","el-Zafar","Weekly",581.374182454886,30231.4574876541,"Weekly",335.897594706219,17466.6749247234,7876.5249461491,0,0,7,39,1,1,1,362
"363","Jelicha","al-Imam","Monthly",486.643667998343,5839.72401598011,"Yearly",4742.07797763744,4742.07797763744,342.4780576493,NA,0,6,36,0,1,1,363
"364","Olivia","Chaisitti","Yearly",28826.8871435344,28826.8871435344,"Monthly",1207.44754847964,14489.3705817556,11117.858034529,1,0,6,64,1,0,NA,364
"365","Uriah","Walk","Weekly",285.859904208612,14864.7150188478,"Monthly",292.526889008393,3510.32266810071,160.605876223285,1,0,15,37,1,1,NA,365
"366","Nu'maan","Medina","Monthly",1872.06592714449,22464.7911257338,"Monthly",694.963731328415,8339.56477594098,2240.64779936169,1,NA,8,51,1,1,NA,366
"367","Nariah","Greenlees","Monthly",770.133349409123,9241.60019290948,"Weekly",171.782947360722,8932.71326275754,833.593946069271,1,1,32,37,1,0,NA,367
"368","Serena","el-Eid","Yearly",24810.907286536,24810.907286536,"Yearly",20990.748856191,20990.748856191,404.48854901473,1,0,13,31,1,1,NA,368
"369","Roger","al-Tariq","Yearly",29284.9739680093,29284.9739680093,"Yearly",25396.6020140113,25396.6020140113,22642.1264072259,1,0,5,42,0,1,1,369
"370","Kayla","Roberts","Yearly",12683.3207169251,12683.3207169251,"Yearly",5662.98962569846,5662.98962569846,780.006092442491,0,0,2,35,1,1,NA,370
"371","Matthew","Han","Yearly",22306.1455035213,22306.1455035213,"Monthly",995.311755009433,11943.7410601132,2168.35314917717,1,NA,14,29,0,1,1,371
"372","Tabitha","Avants","Yearly",28295.8404769904,28295.8404769904,"Monthly",1445.73672859253,17348.8407431104,17348.8407431104,0,0,11,55,0,1,1,372
"373","Joseph","Aragon","Yearly",60003.1668040735,60003.1668040735,"Yearly",45723.5670996134,45723.5670996134,38224.9585304137,1,0,5,35,1,1,1,373
"374","Mariah","Quintana","Monthly",561.721712624868,6740.66055149842,"Monthly",336.142679899455,4033.71215879346,3112.96609298915,1,0,4,41,1,1,1,374
"375","Elisabeth","Kasper","Weekly",335.999162593299,17471.9564548515,"Weekly",249.455800614829,12971.7016319711,9782.44799661877,1,1,7,40,1,1,NA,375
"376","Wajeeh","Myerson-Beard","Monthly",1584.42289018596,19013.0746822316,"Yearly",4963.99345773866,4963.99345773866,2705.45904137609,0,1,13,62,0,1,1,376
"377","Mudrika","al-Bagheri","Yearly",47348.4600407715,47348.4600407715,"Monthly",3017.69976243497,36212.3971492196,6350.09864007321,1,0,7,52,1,1,1,377
"378","Cody","Santistevan","Yearly",31845.3925390399,31845.3925390399,"Monthly",1478.71543129787,17744.5851755745,1608.36292226672,1,NA,8,64,0,1,1,378
"379","Mickey","Sosa","Yearly",16363.9575481807,16363.9575481807,"Yearly",2168.73090321409,2168.73090321409,1308.99869562559,0,0,4,41,0,1,0,379
"380","Diana","Gordon","Weekly",2917.30709909937,151699.969153167,"Monthly",3513.30390175849,42159.6468211018,21219.4493560453,1,1,9,53,1,1,NA,380
"381","Kayla","Jones","Yearly",25951.6989527569,25951.6989527569,"Monthly",1972.15456005517,23665.854720662,3988.67945955498,0,1,5,71,1,1,1,381
"382","Kristina","Nerger","Weekly",1717.13714880034,89291.1317376178,"Weekly",1090.11088773146,56685.766162036,42631.3064485765,1,0,5,41,1,1,0,382
"383","Fat'hiyaa","Pittman","Yearly",17070.6598200136,17070.6598200136,"Weekly",48.6608223222131,2530.36276075508,99.0790566971074,0,1,7,46,1,1,1,383
"384","Maureen","Velasquez","Yearly",12263.2622373323,12263.2622373323,"Yearly",7643.32141476787,7643.32141476787,3037.16121088102,0,1,6,47,1,1,NA,384
"385","Taylor","Martens","Weekly",772.633444133589,40176.9390949466,"Weekly",117.661641612868,6118.40536386913,1094.15092377841,1,1,6,46,0,1,1,385
"386","Davina","Wong","Weekly",1687.31522869881,87740.3918923382,"Yearly",69070.5428000832,69070.5428000832,36933.9466630619,1,0,8,34,1,1,NA,386
"387","Eduardo","al-Mahmud","Yearly",40454.5012605593,40454.5012605593,"Yearly",17815.8437501026,17815.8437501026,11779.9018065621,NA,0,11,48,1,1,1,387
"388","Chalee","Hall","Yearly",47361.9605818636,47361.9605818636,"Monthly",1357.83304048744,16293.9964858493,13654.527995817,1,NA,10,43,1,1,NA,388
"389","Bradlie","Duplantier","Weekly",1740.51675445807,90506.8712318198,"Yearly",86906.4029772007,86906.4029772007,14108.631862427,1,0,12,29,1,1,1,389
"390","Faalih","Reyes","Yearly",14908.215082794,14908.215082794,"Monthly",622.231950363666,7466.783404364,863.655210707962,1,1,6,76,0,0,NA,390
"391","Daniel","Mundt","Yearly",3147.63313670812,3147.63313670812,"Weekly",27.258042041596,1417.41818616299,161.546890779521,1,1,2,61,0,1,NA,391
"392","Emma","Breshears","Weekly",273.553022252847,14224.757157148,"Weekly",192.512903982302,10010.6710070797,2521.45657397516,NA,0,7,50,1,1,NA,392
"393","Dan","el-Mitri","Weekly",973.318017453156,50612.5369075641,"Monthly",3528.09170968472,42337.1005162167,24012.3194222022,1,0,8,38,0,1,1,393
"394","Raashid","Burnett","Weekly",227.330025257389,11821.1613133842,"Yearly",9194.11531251044,9194.11531251044,5563.39227679229,0,0,6,39,1,1,NA,394
"395","Benjamin","Baldinger","Yearly",19062.8889478442,19062.8889478442,"Weekly",79.0876155553717,4112.55600887933,3393.24143399601,0,1,8,29,0,0,NA,395
"396","Angelo","Lim","Yearly",10376.4275252111,10376.4275252111,"Weekly",45.6855649625083,2375.64937805043,150.119188475845,1,0,8,48,0,1,0,396
"397","Samantha","al-Mowad","Yearly",8061.46826485481,8061.46826485481,"Yearly",2251.87819517443,2251.87819517443,1305.68660865841,0,0,10,38,0,1,NA,397
"398","Abdus Samad","Griffin","Yearly",25226.2680164193,25226.2680164193,"Weekly",260.383073013119,13539.9197966822,2760.6117268596,0,0,9,40,1,1,1,398
"399","Eugene","Hooper","Yearly",109372.583230402,109372.583230402,"Weekly",1875.99257616778,97551.6139607247,46816.5449068706,1,1,10,43,1,1,0,399
"400","Jawhar","al-Sham","Monthly",1603.90118619909,19246.814234389,"Weekly",265.063781775692,13783.316652336,2163.99162598873,0,0,12,39,0,1,NA,400
"401","Selam","Bueno","Yearly",30971.9879622633,30971.9879622633,"Yearly",27353.4956179634,27353.4956179634,6527.98722975607,1,0,11,33,1,1,NA,401
"402","K'Ara","Batorgil","Yearly",160742.600250274,160742.600250274,"Monthly",3474.62792276278,41695.5350731533,2175.91571844978,0,NA,9,42,1,1,1,402
"403","Marthalee","Cervantes","Weekly",621.905822457433,32339.1027677865,"Weekly",348.445390261087,18119.1602935765,2945.2814991012,0,1,11,67,1,1,1,403
"404","Brianna","el-Sharaf","Yearly",16926.5904939621,16926.5904939621,"Yearly",14553.1911281779,14553.1911281779,4435.25251263858,0,0,12,47,1,1,0,404
"405","Gage","Hoffmann","Weekly",1767.76755054014,91923.9126280875,"Weekly",1023.24680109412,53208.833656894,21409.8078975818,1,0,11,46,0,1,NA,405
"406","Elizabeth","Tsosie","Weekly",597.02614656575,31045.359621419,"Yearly",11152.9466877995,11152.9466877995,2901.6018643621,1,1,9,39,1,1,1,406
"407","Shea","Arellano","Weekly",599.383575135013,31167.9459070207,"Yearly",17784.8015556361,17784.8015556361,1562.04938585555,0,0,5,49,0,1,NA,407
"408","Izell","Agard","Monthly",454.723055279145,5456.67666334974,"Monthly",165.873320038455,1990.47984046147,56.4505859708126,0,0,13,38,1,1,1,408
"409","Mckayla","Atchley","Weekly",1147.12088659209,59650.2861027884,"Weekly",632.379782118052,32883.7486701387,11722.5517359055,0,1,7,38,1,1,0,409
"410","Ramona","Asamoah","Monthly",728.274067018594,8739.28880422312,"Monthly",429.862493885361,5158.34992662433,4714.13811793827,1,NA,20,47,1,1,0,410
"411","Scott","Naylor","Yearly",24368.5781005394,24368.5781005394,"Monthly",316.306545586693,3795.67854704031,313.672023811353,1,1,4,58,1,1,0,411
"412","Rachel","Vu","Weekly",132.79182499788,6905.17489988977,"Weekly",132.473713209194,6888.63308687809,4069.30224986278,0,0,9,44,1,1,NA,412
"413","Ismaeel","Nehring","Weekly",259.767348896854,13507.9021426364,"Monthly",482.01180624561,5784.14167494732,1579.926618717,1,1,8,33,1,1,1,413
"414","Rider","Clark","Weekly",716.735494656387,37270.2457221321,"Weekly",222.503687046693,11570.191726428,2661.17285991438,0,0,5,55,0,1,NA,414
"415","Jovanna","Castro Manibusan","Weekly",1523.64450593556,79229.5143086493,"Yearly",43064.1272402863,43064.1272402863,14022.5138216346,0,0,8,46,1,1,NA,415
"416","Musheera","Downen","Yearly",12244.0266438411,12244.0266438411,"Yearly",11670.6497178815,11670.6497178815,10721.7505217022,1,0,11,34,1,1,1,416
"417","Izell","Mcanany","Weekly",2789.92394190826,145076.044979229,"Monthly",4905.55381670515,58866.6458004618,2284.46809680992,NA,1,9,43,0,1,NA,417
"418","Perla","el-Akram","Yearly",9108.43989298518,9108.43989298518,"Monthly",547.492243350103,6569.90692020123,1298.03039252717,0,0,9,37,1,0,NA,418
"419","Khaalid","Holder","Weekly",504.343504268268,26225.8622219499,"Yearly",19268.2149887228,19268.2149887228,3415.28232146353,0,0,7,45,1,1,1,419
"420","Shamaail","Gonzalez","Yearly",18835.5687337482,18835.5687337482,"Yearly",10139.3331823863,10139.3331823863,2866.12931038696,1,1,5,56,0,1,0,420
"421","Almaasa","Holiday","Weekly",1442.29427985934,74999.3025526858,"Yearly",31476.2969128064,31476.2969128064,29136.6125832817,0,1,10,40,0,1,NA,421
"422","Troy","el-Vaziri","Yearly",8686.83590409609,8686.83590409609,"Yearly",2237.99000228271,2237.99000228271,777.991857260079,1,0,5,43,0,1,NA,422
"423","Tayyiba","el-Mannan","Monthly",340.279848405809,4083.3581808697,"Monthly",190.610005173337,118940.643228163,93.4192165439316,0,0,8,40,0,1,NA,423
"424","Sheng","Hernandez","Weekly",439.283171914744,22842.7249395667,"Yearly",4509.19637472312,4509.19637472312,713.151639565452,1,0,10,35,1,1,1,424
"425","Felicia","al-Elamin","Yearly",78579.6741091181,78579.6741091181,"Yearly",29838.4535661867,29838.4535661867,8221.61755357724,1,0,6,33,0,1,NA,425
"426","Linda","Vaile","Monthly",569.977207278091,6839.72648733709,"Yearly",5228.98668564082,5228.98668564082,4613.22342884984,1,0,8,25,1,1,1,426
"427","Lathan","Meeker","Weekly",615.713092810769,32017.08082616,"Weekly",539.556371251241,28056.9313050646,3627.04190489503,0,NA,8,48,1,1,1,427
"428","Peter","Castillo","Weekly",2227.3849087533,115824.015255171,"Weekly",1499.00127497674,77948.0662987902,30767.4706612196,0,0,11,56,1,1,1,428
"429","Jimmy","Edmond","Yearly",2710.51662942984,2710.51662942984,"Yearly",2540.06636361699,2540.06636361699,64.9495122916739,0,1,5,47,1,1,1,429
"430","Samantha","Arapahoe","Weekly",315.270261235168,16394.0535842287,"Weekly",98.4671487355891,5120.29173425063,4894.04670286207,0,0,8,46,1,1,1,430
"431","Hamsa","Brunkhorst","Weekly",1757.4640175645,91388.1289133538,"Monthly",4056.76991033177,48681.2389239813,18805.3056904375,1,NA,7,33,0,1,NA,431
"432","Anna","Markle","Yearly",25541.8179585853,25541.8179585853,"Weekly",287.659182193075,14958.2774740399,7619.20331994053,0,1,15,99,1,1,1,432
"433","Mastoora","Fregoso Zamora","Weekly",234.676978767301,12203.2028958997,"Yearly",4583.73715927611,4583.73715927611,649.535500319245,0,0,9,46,0,1,NA,433
"434","Ridishanae","el-Nouri","Yearly",31458.8189024662,31458.8189024662,"Yearly",28101.445362536,28101.445362536,17844.6630167463,1,0,12,39,0,1,1,434
"435","Albert","Moore III","Yearly",33960.4067471848,33960.4067471848,"Monthly",2213.19386126054,26558.3263351265,21482.8860875257,NA,1,9,64,1,1,NA,435
"436","Carlynn","Fragozo Corral","Yearly",8329.53542422052,8329.53542422052,"Monthly",415.96867833767,4991.62414005204,2091.91986716281,0,1,6,38,1,1,1,436
"437","Jie","Trent","Weekly",187.642626094835,9757.41655693142,"Yearly",4722.75545057292,4722.75545057292,1191.66072432639,NA,0,8,45,1,1,1,437
"438","Alexander","Bell","Weekly",419.677452579529,21823.2275341355,"Weekly",297.70778721222,15480.8049350354,10992.7176093257,1,0,19,39,0,1,1,438
"439","Charlene","Garcia","Yearly",50959.1360554226,50959.1360554226,"Monthly",3830.03722410288,45960.4466892346,12002.3991774042,1,0,5,37,1,0,NA,439
"440","Dakota","Brock","Yearly",8197.67107900095,8197.67107900095,"Weekly",92.2699823319271,4798.03908126021,612.896857719619,1,0,9,42,1,1,0,440
"441","Thaaqib","Stroncheck","Weekly",1516.98800512198,78883.3762663429,"Monthly",4246.62974074487,50959.5568889384,2989.46907649402,0,0,11,39,1,1,NA,441
"442","Jonathan","Makaiwi","Monthly",3743.81458915876,44925.7750699051,"Yearly",23709.5862114937,23709.5862114937,11280.7229842321,0,0,7,42,1,1,NA,442
"443","Eric","Sherman","Weekly",447.493735122616,23269.674226376,"Yearly",11941.3813087084,11941.3813087084,4472.90477935553,NA,0,11,50,1,1,1,443
"444","Ebonnie","White","Yearly",18841.9361951977,18841.9361951977,"Monthly",1155.54373978898,13866.5248774677,1461.20668272804,1,0,10,42,0,1,NA,444
"445","Qisma","Veren","Yearly",4489.85865192123,4489.85865192123,"Weekly",33.7508582767088,1755.04463038886,131.088600550057,1,0,7,60,0,1,1,445
"446","Andrea","Verdoza","Weekly",847.450687098057,44067.435729099,"Monthly",1358.41040475719,16300.9248570863,14503.9437418708,0,0,10,57,0,1,NA,446
"447","Yun","Herrera","Weekly",145.620941965718,7572.28898221733,"Monthly",483.296395314738,5799.55674377686,1784.61790289269,0,0,9,49,1,1,1,447
"448","Adam","Choyce","Weekly",135.205062263036,7030.66323767789,"Monthly",31.0506933262392,372.60831991487,293.175912190209,1,0,12,46,0,1,1,448
"449","Summer","Chuong","Weekly",137.555427811492,7152.88224619756,"Yearly",3341.90034880693,3341.90034880693,1791.64977936809,0,0,9,61,0,1,1,449
"450","Andres","Dumler","Yearly",36210.8827508892,36210.8827508892,"Monthly",940.63119247616,11287.5743097139,1303.6630081783,1,0,12,43,0,1,0,450
"451","Saahira","Garcia","Yearly",21833.8358006076,21833.8358006076,"Yearly",21616.4308841745,21616.4308841745,422.494484989058,NA,0,6,41,1,1,1,451
"452","Elizabeth","Blackhorse","Weekly",535.397084050894,27840.6483706465,"Monthly",1780.77539764695,21369.3047717634,9104.19115184414,1,0,10,40,1,1,0,452
"453","Kaela","Comcowich","Yearly",8497.92862697113,8497.92862697113,"Yearly",8321.49490510966,8321.49490510966,2492.05187736136,0,0,11,53,0,1,1,453
"454","Tessa","Ruiz","Yearly",304849.450962098,304849.450962098,"Weekly",2828.05934718947,147059.086053852,2742.31192390672,1,1,7,44,0,1,1,454
"455","Elsa","Davis","Yearly",15221.7745930866,15221.7745930866,"Yearly",9023.750925214,9023.750925214,1453.85138940086,NA,0,9,37,1,1,1,455
"456","Kayla","Stgermaine","Weekly",201.232790283598,10464.1050947471,"Monthly",311.426255523657,3737.11506628388,15.5933092060552,1,1,4,41,1,1,1,456
"457","Shahaada","Oldenburg","Yearly",64603.6172543867,64603.6172543867,"Weekly",428.097097376312,22261.0490635682,19124.0693320043,0,0,9,42,1,1,0,457
"458","Jack","Taylor","Yearly",54552.1722839579,54552.1722839579,"Weekly",474.305281895226,24663.8746585518,10106.3954394299,1,0,6,48,0,1,0,458
"459","Jason","Lisle","Yearly",43253.6858147135,43253.6858147135,"Weekly",392.787819784909,20424.9666288153,8054.53543914895,1,0,15,66,1,1,0,459
"460","Janessa","Gulaid","Yearly",16270.064732514,16270.064732514,"Weekly",246.587537320775,12822.5519406803,362.740876746002,0,0,5,55,0,1,NA,460
"461","Gabrielle","Ramirez","Yearly",31076.7973554252,31076.7973554252,"Weekly",224.106233479891,11653.5241409543,4440.94757778033,1,1,6,39,0,1,NA,461
"462","Jessica","Dotseth","Yearly",36341.1414257387,36341.1414257387,"Monthly",1241.33670161069,14896.0404193282,4078.82356392667,1,0,16,23,1,1,NA,462
"463","Darrien","Bobadilla-Banuelos","Weekly",568.428231981319,29558.2680630286,"Weekly",285.995878224196,14871.7856676582,8686.83349953784,1,0,6,27,1,1,NA,463
"464","Jerry","Lloyd","Weekly",327.330384382745,17021.1799879027,"Weekly",215.400512615349,11200.8266559981,4161.13886136492,1,0,16,38,0,1,1,464
"465","Halloka","Johnson","Yearly",17757.5806737054,17757.5806737054,"Weekly",174.947477104392,9097.26880942837,1696.92921219779,1,0,11,45,0,1,NA,465
"466","Dennis","Moore","Weekly",373.275669465219,19410.3348121914,"Weekly",288.12560723057,14982.5315759896,3112.588576944,1,1,6,57,1,1,1,466
"467","Izzat","Cardoza","Yearly",6535.47426559763,6535.47426559763,"Weekly",78.5844389104833,4086.39082334513,2616.18580100682,1,1,6,60,0,1,NA,467
"468","Lacey","Velasquez","Yearly",20307.98957439,20307.98957439,"Yearly",7952.40117650185,7952.40117650185,1225.77543853583,0,0,6,65,0,1,NA,468
"469","Scott","Blanco","Yearly",34541.5274408323,34541.5274408323,"Weekly",237.092302606393,12328.7997355324,6474.46810206514,0,0,9,34,1,1,0,469
"470","Adam","Warren","Weekly",354.911645369137,18455.4055591951,"Weekly",265.583812389628,13810.3582442607,1493.32196773444,1,0,8,35,1,1,1,470
"471","Kendall","el-Shabazz","Weekly",1652.12106777516,85910.2955243085,"Weekly",671.158229511049,34900.2279345746,29647.8835855007,0,0,10,24,1,1,1,471
"472","Courtney","al-Nour","Yearly",14852.191277619,14852.191277619,"Monthly",878.354277422294,10540.2513290675,683.991050830104,0,0,10,49,1,1,1,472
"473","Klayson","Mares Sigala","Weekly",205.052094164727,10662.7088965658,"Yearly",4568.29507161408,4568.29507161408,230.489858949554,0,0,6,46,1,0,NA,473
"474","Lee","Kawata","Weekly",994.047188397011,51690.4537966445,"Yearly",22057.3617829128,22057.3617829128,3064.92684823809,1,0,7,53,1,1,1,474
"475","Iecia","al-Hosseini","Weekly",549.911013038496,28595.3726780018,"Yearly",22101.6576700165,22101.6576700165,5541.40803374383,0,0,9,51,1,0,NA,475
"476","Tiffany","White","Weekly",408.159385355713,21224.2880384971,"Weekly",239.361966588435,12446.8222625986,4603.68390512174,0,1,7,53,1,1,0,476
"477","Ariana","Dee","Yearly",26159.7417008615,26159.7417008615,"Monthly",982.811485073013,11793.7378208762,3419.52027887331,1,0,9,52,0,1,1,477
"478","Shae","Fernandez","Weekly",366.230528039127,19043.9874580346,"Monthly",1110.67999398134,13328.1599277761,9887.2124283283,1,0,10,49,1,1,0,478
"479","Aseela","Koch","Weekly",235.292010008635,12235.184520449,"Weekly",68.653347080357,3569.97404817856,3462.34381490332,0,0,16,44,0,1,NA,479
"480","Jessica","Holmes","Weekly",710.689144417237,36955.8355096963,"Yearly",27760.446359044,27760.446359044,11274.2791959189,1,1,6,32,1,1,NA,480
"481","Hafsa","al-Huq","Weekly",828.774569001404,43096.277588073,"Monthly",2658.67244652322,31904.0693582786,5475.68720189558,0,0,10,61,1,1,1,481
"482","Sydney","Ban","Weekly",539.845190937802,28071.9499287657,"Monthly",1764.37158156574,21172.4589787889,12999.7501499617,1,1,3,43,1,1,1,482
"483","Jacob","Carr","Weekly",262.807528485716,13665.9914812572,"Weekly",122.835052280958,6387.42271860984,5816.85276124058,1,0,11,54,0,1,NA,483
"484","David","Rivera","Yearly",3107.70310757796,3107.70310757796,"Weekly",7.83098949065577,407.2114535141,15.3471937551926,1,1,3,46,0,0,NA,484
"485","Daisy","Martinez","Yearly",102712.239165596,102712.239165596,"Weekly",564.217776609227,29339.3243836798,5719.97923179068,1,0,9,37,0,1,1,485
"486","Sean","al-Shams","Weekly",671.274715994579,34906.2852317181,"Yearly",25029.7054532063,25029.7054532063,5608.13163348852,0,1,4,37,0,1,NA,486
"487","Taamir","Corea","Yearly",10631.5855361424,10631.5855361424,"Monthly",685.553535249818,8226.64242299781,1286.67368813796,1,0,9,42,0,1,NA,487
"488","Brianna","al-Saladin","Yearly",60046.9679950155,60046.9679950155,"Weekly",191.400987376072,9952.85134355575,2993.57657572655,0,0,3,39,1,1,1,488
"489","Willie","al-Galla","Yearly",16433.5823490089,16433.5823490089,"Monthly",1206.516558106,14478.198697272,7724.47138472868,1,0,16,52,0,1,1,489
"490","Joshua","Amadou","Weekly",6640.66932976685,345314.805147876,"Weekly",6302.24816790061,327716.904730832,1086.86759395665,1,1,6,49,1,1,1,490
"491","Zuhair","Johnson","Weekly",153.596374993431,7987.01149965842,"Weekly",71.9020574484718,3738.90698732053,2092.16070048712,1,0,10,36,0,1,NA,491
"492","Henry","Aveitia","Yearly",16949.2579464377,16949.2579464377,"Yearly",10913.8853717214,10913.8853717214,8063.50131782336,0,0,9,47,0,1,1,492
"493","Tomas","Hammond","Weekly",361.622629501447,18804.3767340752,"Weekly",128.47633378943,6680.76935705034,451.963844416012,1,0,13,40,0,0,NA,493
"494","Terrance","Soto","Weekly",2014.6193881788,104760.208185298,"Monthly",3951.06205963708,47412.7447156449,40915.6067381196,1,0,10,49,1,1,0,494
"495","Francisco","Ruacho","Yearly",16729.6756745914,16729.6756745914,"Monthly",198.558553823765,2382.70264588518,822.608213456692,0,0,4,26,1,1,NA,495
"496","Penmai","Ramirez","Monthly",1569.65566760224,18835.8680112268,"Monthly",509.98566066851,6119.82792802211,1216.24377459919,0,1,6,53,1,1,0,496
"497","Andrew","el-Fadel","Monthly",1674.1125232525,20089.35027903,"Weekly",378.800313246321,19697.6162888087,9844.72767719316,1,0,19,45,0,1,1,497
"498","Caitlyn","Knabenshue","Weekly",481.071793001043,25015.7332360542,"Monthly",1137.38710872411,13648.6453046893,5130.19520566335,0,0,15,50,1,1,1,498
"499","Tynan","Boykins","Yearly",17613.1620280598,17613.1620280598,"Monthly",985.034826346719,11820.4179161606,2864.09204897449,1,0,6,39,1,1,0,499
"500","Emily","Lau","Yearly",20532.6304536466,20532.6304536466,"Yearly",16067.1079148487,16067.1079148487,1015.65351854391,1,1,7,31,1,1,NA,500
